port_code,port_name,city,country
NOAAA,Å i Lofoten,A i Lofoten,Norway
NOAAF,Åfjord,Afjord,Norway
NOAAN,Årdal,Ardal,Norway
NOAAV,Ålvik,Alvik,Norway
NOABE,Abelnes,Abelnes,Norway
NOABV,Abelvær,Abelvar,Norway
NOADN,Andenes,Andenes,Norway
NOADY,Andøy,Andoy,Norway
NOAES,Ålesund,Alesund,Norway
NOAFS,Anfinnsletta,Anfinnsletta,Norway
NOAFT,Agnefest,Agnefest,Norway
NOAGD,Agdenes,Agdenes,Norway
NOAGK,Ågskardet,Agskardet,Norway
NOAGO,Ågotnes,Agotnes,Norway
NOAHM,Åheim,Aheim,Norway
NOAKK,Akkarfjord,Akkarfjord,Norway
NOAKM,Åkrehamn,Akrehamn,Norway
NOALE,Ålefjær,Alefjar,Norway
NOALF,Alta,Alta,Norway
NOALS,Alstahaug,Alstahaug,Norway
NOALV,Alvika,Alvika,Norway
NOAND,Åndalsnes,Andalsnes,Norway
NOANN,Sannidal,Sannidal,Norway
NOANS,Ansnes,Ansnes,Norway
NOARD,Årdalstangen,Ardalstangen,Norway
NOARE,Arendal,Arendal,Norway
NOARF,Arnafjord,Arnafjord,Norway
NOARH,Årdal - Hjelmeland,Ardal - Hjelmeland,Norway
NOARM,Arnøyhamn,Arnoyhamn,Norway
NOASH,Austrheim,Austrheim,Norway
NOASL,Askvoll,Askvoll,Norway
NOASV,Austevoll,Austevoll,Norway
NOASY,Askøy,Askoy,Norway
NOATA,Åtangen,Atangen,Norway
NOATL,Atløy,Atloy,Norway
NOAUE,Aure,Aure,Norway
NOAUK,Aukra,Aukra,Norway
NOAUL,Aurland,Aurland,Norway
NOAUS,Austvika,Austvika,Norway
NOAVA,Avaldsnes,Avaldsnes,Norway
NOAVE,Averøy,Averoy,Norway
NOBAF,Balsfjord,Balsfjord,Norway
NOBAL,Båly,Baly,Norway
NOBAM,Bamble,Bamble,Norway
NOBAR,Bærum,Barum,Norway
NOBEJ,Beiarn,Beiarn,Norway
NOBEL,Bellvika,Bellvika,Norway
NOBER,Berg,Berg,Norway
NOBFJ,Bergsfjord,Bergsfjord,Norway
NOBGN,Bergneset,Bergneset,Norway
NOBGO,Bergen,Bergen,Norway
NOBIN,Bindal,Bindal,Norway
NOBIS,Bismo,Bismo,Norway
NOBJD,Bjordal,Bjordal,Norway
NOBJF,Båtsfjord,Batsfjord,Norway
NOBJU,Bjugn,Bjugn,Norway
NOBJX,Bjørkås,Bjorkas,Norway
NOBJY,Bjarkøy,Bjarkoy,Norway
NOBKD,Brakstad,Brakstad,Norway
NOBKS,Brekstad,Brekstad,Norway
NOBKV,Bjerkvik,Bjerkvik,Norway
NOBLK,Bleik,Bleik,Norway
NOBLL,Ballangen,Ballangen,Norway
NOBLO,Blokken,Blokken,Norway
NOBLS,Balestrand,Balestrand,Norway
NOBLV,Blomvåg,Blomvag,Norway
NOBNN,Brønnøysund,Bronnoysund,Norway
NOBOE,Bøneset - Karmøy,Boneset - Karmoy,Norway
NOBOG,Bogen,Bogen,Norway
NOBOK,Bokn,Bokn,Norway
NOBOM,Bømlo,Bomlo,Norway
NOBON,Bognes,Bognes,Norway
NOBOO,Bodø,Bodo,Norway
NOBOS,Borkenes,Borkenes,Norway
NOBOV,Bøvågen - Radøy,Bovagen - Radoy,Norway
NOBRE,Bremanger,Bremanger,Norway
NOBRH,Brensholmen,Brensholmen,Norway
NOBRN,Brandasund,Brandasund,Norway
NOBRO,Brønnøy,Bronnoy,Norway
NOBRR,Borre,Borre,Norway
NOBRV,Brattvåg,Brattvag,Norway
NOBSD,Ballstad,Ballstad,Norway
NOBSF,Brandsfjord,Brandsfjord,Norway
NOBTH,Botnhamn,Botnhamn,Norway
NOBTN,Botnaneset - Flora,Botnaneset - Flora,Norway
NOBTS,Brettesnes,Brettesnes,Norway
NOBUF,Burfjord,Burfjord,Norway
NOBUG,Bugøynes,Bugoynes,Norway
NOBUV,Buvika,Buvika,Norway
NOBVB,Breivikbotn,Breivikbotn,Norway
NOBVG,Berlevåg,Berlevag,Norway
NOBVK,Brevik,Brevik,Norway
NOBVR,Breiviga,Breiviga,Norway
NOBYN,Byggnes - Karmøy,Byggnes - Karmoy,Norway
NOBYR,Byrknesøy,Byrknesoy,Norway
NOBYS,Bygstad,Bygstad,Norway
NODBY,Nordby,Nordby,Norway
NODDY,Espenesbogen,Espenesbogen,Norway
NODER,Sperrebotn,Sperrebotn,Norway
NODFJ,Dåfjord,Dafjord,Norway
NODIM,Dimmelsvik,Dimmelsvik,Norway
NODIR,Dirdal,Dirdal,Norway
NODJU,Djupvik,Djupvik,Norway
NODOL,Dolmøy,Dolmoy,Norway
NODON,Dønna,Donna,Norway
NODRG,Drag,Drag,Norway
NODRK,Drøbak,Drobak,Norway
NODRM,Drammen,Drammen,Norway
NODSF,Dale,Dale,Norway
NODSN,Nannestad,Nannestad,Norway
NODUS,Dusavik,Dusavik,Norway
NODYD,Dyrstad,Dyrstad,Norway
NODYL,Dyrøyhamn,Dyroyhamn,Norway
NODYR,Dyrvik,Dyrvik,Norway
NODYY,Dyrøy,Dyroy,Norway
NOEDD,Eidsdal,Eidsdal,Norway
NOEDE,Eide,Eide,Norway
NOEDF,Eidfjord,Eidfjord,Norway
NOEDS,Eide Sotra,Eide Sotra,Norway
NOEDT,Eidet,Eidet,Norway
NOEGD,Eigersund,Eigersund,Norway
NOEGE,Egersund,Egersund,Norway
NOEGG,Eggesbønes,Eggesbones,Norway
NOEID,Eid,Eid,Norway
NOEIF,Eidangerfjorden,Eidangerfjorden,Norway
NOEIK,Eikefjord,Eikefjord,Norway
NOEIL,Eidslandet,Eidslandet,Norway
NOEKF,Eikefet,Eikefet,Norway
NOELL,Ellingsøy,Ellingsoy,Norway
NOELN,Elnesvågen,Elnesvagen,Norway
NOELO,Eikelandsosen,Eikelandsosen,Norway
NOENG,Engene,Engene,Norway
NOERF,Erfjord - Suldal,Erfjord - Suldal,Norway
NOESP,Espevik,Espevik,Norway
NOETN,Etne,Etne,Norway
NOEVT,Evenestangen,Evenestangen,Norway
NOEVV,Eivindvik,Eivindvik,Norway
NOEYD,Eydehavn,Eydehavn,Norway
NOFAN,Farsund,Farsund,Norway
NOFAU,Fauske,Fauske,Norway
NOFAX,Fagerstrand,Fagerstrand,Norway
NOFBL,Fiskebøl,Fiskebol,Norway
NOFDE,Førde,Forde,Norway
NOFED,Fedje,Fedje,Norway
NOFFB,Finnfjordbotn,Finnfjordbotn,Norway
NOFFD,Flekkefjord,Flekkefjord,Norway
NOFIN,Finneidfjord,Finneidfjord,Norway
NOFIT,Fitjar,Fitjar,Norway
NOFJA,Fjaler,Fjaler,Norway
NOFJE,Fjell,Fjell,Norway
NOFJL,Fjelldal,Fjelldal,Norway
NOFKG,Frekhaug,Frekhaug,Norway
NOFKS,Flakstad,Flakstad,Norway
NOFLA,Flåm,Flam,Norway
NOFLM,Flem,Flem,Norway
NOFLO,Florvåg,Florvag,Norway
NOFLR,Flora,Flora,Norway
NOFLT,Flatanger,Flatanger,Norway
NOFLY,Flatøy,Flatoy,Norway
NOFND,Finneid,Finneid,Norway
NOFNE,Finnsnes,Finnsnes,Norway
NOFNN,Fonnes,Fonnes,Norway
NOFNS,Fornes,Fornes,Norway
NOFNY,Finnøy,Finnoy,Norway
NOFOA,Froan,Froan,Norway
NOFOI,Fossing,Fossing,Norway
NOFOL,Follafoss,Follafoss,Norway
NOFON,Forøy,Foroy,Norway
NOFOR,Forsand,Forsand,Norway
NOFOS,Fosnavåg,Fosnavag,Norway
NOFRA,Frøya,Froya,Norway
NOFRE,Fræena,Fraena,Norway
NOFRJ,Frei,Frei,Norway
NOFRK,Fredrikstad,Fredrikstad,Norway
NOFRN,Frogn,Frogn,Norway
NOFRO,Florø,Floro,Norway
NOFRS,Forus,Forus,Norway
NOFRT,Frosta,Frosta,Norway
NOFSD,Fjellstrand,Fjellstrand,Norway
NOFSK,Fiskåbygd - Vanylven,Fiskabygd - Vanylven,Norway
NOFSL,Forsøl,Forsol,Norway
NOFSN,Fosnes,Fosnes,Norway
NOFST,Fiskarstrand,Fiskarstrand,Norway
NOFSV,Festvåg,Festvag,Norway
NOFUS,Fusa,Fusa,Norway
NOFYS,Fjærland,Fjarland,Norway
NOGAM,Gamvik,Gamvik,Norway
NOGAU,Gaular,Gaular,Norway
NOGHV,Gunhildvågen,Gunhildvagen,Norway
NOGIK,Gismarvik,Gismarvik,Norway
NOGIL,Gildeskål,Gildeskal,Norway
NOGIS,Giske,Giske,Norway
NOGJD,Gjøsundet,Gjosundet,Norway
NOGJM,Gjemnes,Gjemnes,Norway
NOGJS,Gjesdal,Gjesdal,Norway
NOGJV,Gjesvær,Gjesvar,Norway
NOGLO,Glomfjord,Glomfjord,Norway
NOGLP,Gloppen,Gloppen,Norway
NOGOO,Godøya,Godoya,Norway
NOGOT,Grøtavær,Grotavar,Norway
NOGPN,Gaupne,Gaupne,Norway
NOGRD,Gravdal,Gravdal,Norway
NOGRF,Grovfjord,Grovfjord,Norway
NOGRP,Grip,Grip,Norway
NOGRS,Grytestranda,Grytestranda,Norway
NOGRT,Gratangen,Gratangen,Norway
NOGRV,Granvin,Granvin,Norway
NOGRY,Gryllefjord,Gryllefjord,Norway
NOGTD,Grimstad,Grimstad,Norway
NOGUD,Gudvangen,Gudvangen,Norway
NOGUL,Gulen,Gulen,Norway
NOGUR,Gursken,Gursken,Norway
NOGUT,Gutvik,Gutvik,Norway
NOHAA,Hå,Ha,Norway
NOHAD,Hadsel,Hadsel,Norway
NOHAE,Hansnes,Hansnes,Norway
NOHAL,Halden,Halden,Norway
NOHAN,Halvorshavn,Halvorshavn,Norway
NOHAR,Haram,Haram,Norway
NOHAU,Haugesund,Haugesund,Norway
NOHAV,Havøysund,Havoysund,Norway
NOHAZ,Halsnøy,Halsnoy,Norway
NOHBT,Hamnbukt - Porsanger,Hamnbukt - Porsanger,Norway
NOHEF,Herfjord,Herfjord,Norway
NOHEK,Hekkelstrand,Hekkelstrand,Norway
NOHEL,Hellvik,Hellvik,Norway
NOHEM,Håeimsvika,Haeimsvika,Norway
NOHEN,Henningsvær,Henningsvar,Norway
NOHER,Hermansverk,Hermansverk,Norway
NOHES,Hestvika,Hestvika,Norway
NOHET,Herøysundet,Heroysundet,Norway
NOHEV,Helligvær,Helligvar,Norway
NOHEY,Herøy,Heroy,Norway
NOHFL,Hammerfall,Hammerfall,Norway
NOHFT,Hammerfest,Hammerfest,Norway
NOHGR,Hegreneset,Hegreneset,Norway
NOHHA,Hufthammar,Hufthammar,Norway
NOHIT,Hitra,Hitra,Norway
NOHJJ,Hjelset,Hjelset,Norway
NOHJL,Hjelmeland,Hjelmeland,Norway
NOHJO,Hjørungavåg,Hjorungavag,Norway
NOHKR,Helle - Kragerø,Helle - Kragero,Norway
NOHLB,Høylandsbygda,Hoylandsbygda,Norway
NOHLE,Helle - Forsand,Helle - Forsand,Norway
NOHLL,Høllen,Hollen,Norway
NOHLS,Halsa,Halsa,Norway
NOHME,Hemne,Hemne,Norway
NOHMS,Hemnes,Hemnes,Norway
NOHMV,Hummelvik,Hummelvik,Norway
NOHMY,Hamarøy,Hamaroy,Norway
NOHNE,Hemnesberget,Hemnesberget,Norway
NOHOA,Holla,Holla,Norway
NOHOF,Hof,Hof,Norway
NOHOG,Høgset,Hogset,Norway
NOHOK,Hommelvik,Hommelvik,Norway
NOHOL,Holmestrand,Holmestrand,Norway
NOHOO,Horsøy,Horsoy,Norway
NOHOR,Horten,Horten,Norway
NOHOT,Hanøytangen,Hanoytangen,Norway
NOHOY,Husøy - Tønsberg,Husoy - Tonsberg,Norway
NOHRD,Harstad,Harstad,Norway
NOHRI,Hareid,Hareid,Norway
NOHRO,Herøy,Heroy,Norway
NOHRR,Herre,Herre,Norway
NOHRS,Harøysundet,Haroysundet,Norway
NOHRV,Hordvik,Hordvik,Norway
NOHRY,Herøya,Heroya,Norway
NOHSA,Halsa Meløy,Halsa Meloy,Norway
NOHSL,Hovland,Hovland,Norway
NOHSO,Husøy - Karmøy,Husoy - Karmoy,Norway
NOHSS,Husøy - Lenvik,Husoy - Lenvik,Norway
NOHSV,Hausvikstrand,Hausvikstrand,Norway
NOHSY,Hellesylt,Hellesylt,Norway
NOHUD,Hundeidvika,Hundeidvika,Norway
NOHUR,Hurum,Hurum,Norway
NOHUS,Husnes,Husnes,Norway
NOHVA,Hvaler,Hvaler,Norway
NOHVG,Honningsvåg,Honningsvag,Norway
NOHVI,Håvik,Havik,Norway
NOHVK,Hasvik,Hasvik,Norway
NOHVS,Hvasser,Hvasser,Norway
NOHYL,Hyllestad,Hyllestad,Norway
NOHYR,Høyanger,Hoyanger,Norway
NOIBE,Ibestad,Ibestad,Norway
NOIDR,Inndyr,Inndyr,Norway
NOIGE,Igerøy,Igeroy,Norway
NOIGL,Iglandsvik,Iglandsvik,Norway
NOIKA,Vikan,Vikan,Norway
NOIKR,Ikornnes,Ikornnes,Norway
NOIND,Inderøy,Inderoy,Norway
NOINN,Innhavet,Innhavet,Norway
NOINV,Innvik,Innvik,Norway
NOISY,Ingøy,Ingoy,Norway
NOJAN,Jakobsnes,Jakobsnes,Norway
NOJEL,Jelsa,Jelsa,Norway
NOJON,Jondal,Jondal,Norway
NOJOS,Jøssingfjord,Jossingfjord,Norway
NOJOV,Jøvik,Jovik,Norway
NOJOY,Jarlsøy,Jarlsoy,Norway
NOKAB,Kabelvåg,Kabelvag,Norway
NOKAF,Kåfjord,Kafjord,Norway
NOKAH,Kårvikhamn,Karvikhamn,Norway
NOKAN,Kalvneset,Kalvneset,Norway
NOKAR,Kårstø,Karsto,Norway
NOKAY,Karlsøy,Karlsoy,Norway
NOKBV,Kobbvågen,Kobbvagen,Norway
NOKDF,Kaldfjord,Kaldfjord,Norway
NOKDL,Kvanndal,Kvanndal,Norway
NOKGF,Kongsfjord,Kongsfjord,Norway
NOKIA,Kvithylla,Kvithylla,Norway
NOKIL,Kilvik,Kilvik,Norway
NOKIR,Kirkehamn,Kirkehamn,Norway
NOKIV,Kinsarvik,Kinsarvik,Norway
NOKJB,Kjørebonn,Kjorebonn,Norway
NOKJE,Kjerringøy,Kjerringoy,Norway
NOKJF,Kjøllefjord,Kjollefjord,Norway
NOKJK,Kjøpsvik,Kjopsvik,Norway
NOKKN,Kirkenes,Kirkenes,Norway
NOKLD,Kolvereid,Kolvereid,Norway
NOKLE,Kleppestø,Kleppesto,Norway
NOKMN,Kårhamn,Karhamn,Norway
NOKMO,Kambo,Kambo,Norway
NOKMS,Kjøpmannskjær,Kjopmannskjar,Norway
NOKMY,Karmøy,Karmoy,Norway
NOKOL,Kollsnes Øst,Kollsnes Ost,Norway
NOKON,Kollsnes,Kollsnes,Norway
NOKOP,Kopervik,Kopervik,Norway
NOKPG,Kaupanger,Kaupanger,Norway
NOKRA,Kragerø,Kragero,Norway
NOKRS,Kristiansand,Kristiansand,Norway
NOKRV,Knarrevik,Knarrevik,Norway
NOKSU,Kristiansund,Kristiansund,Norway
NOKSY,Kvitsøy,Kvitsoy,Norway
NOKUV,Kuvika,Kuvika,Norway
NOKVF,Kvåfjord,Kvafjord,Norway
NOKVG,Kalvåg,Kalvag,Norway
NOKVH,Kvinnherad,Kvinnherad,Norway
NOKVL,Kristoffervalen,Kristoffervalen,Norway
NOKVM,Kvam,Kvam,Norway
NOKVN,Kvænangen,Kvanangen,Norway
NOKVR,Kvæfjord,Kvafjord,Norway
NOKVS,Kvalsund,Kvalsund,Norway
NOKVV,Kvalvika,Kvalvika,Norway
NOKYR,Kyrksæterøra,Kyrksaterora,Norway
NOLAD,Langesund,Langesund,Norway
NOLAG,Langevåg,Langevag,Norway
NOLAN,Langevåg - Sula,Langevag - Sula,Norway
NOLAO,Langøya,Langoya,Norway
NOLAR,Larvik,Larvik,Norway
NOLAS,Lenangen Søndre,Lenangen Sondre,Norway
NOLAV,Lavangen,Lavangen,Norway
NOLAY,Lenangsøyra,Lenangsoyra,Norway
NOLDS,Lindesnes,Lindesnes,Norway
NOLEA,Leirvik i Hyllestad,Leirvik i Hyllestad,Norway
NOLEB,Lebesby,Lebesby,Norway
NOLEF,Leirfjord,Leirfjord,Norway
NOLEK,Leikanger,Leikanger,Norway
NOLEP,Leirpollen,Leirpollen,Norway
NOLES,Lenvik,Lenvik,Norway
NOLEV,Levanger,Levanger,Norway
NOLFF,Listraumen,Listraumen,Norway
NOLGS,Langstein,Langstein,Norway
NOLIA,Liavåg,Liavag,Norway
NOLID,Liland,Liland,Norway
NOLIE,Lier,Lier,Norway
NOLIL,Lillesand,Lillesand,Norway
NOLIN,Lindås,Lindas,Norway
NOLIT,Litangen,Litangen,Norway
NOLKA,Leka,Leka,Norway
NOLKN,Leknes,Leknes,Norway
NOLKV,Leksvik,Leksvik,Norway
NOLNE,Leines,Leines,Norway
NOLOD,Lødingen,Lodingen,Norway
NOLOE,Loen,Loen,Norway
NOLON,Lonevåg,Lonevag,Norway
NOLOP,Loppa,Loppa,Norway
NOLOV,Lovund,Lovund,Norway
NOLRA,Lura,Lura,Norway
NOLRD,Lærdal,Lardal,Norway
NOLRE,Lessremman,Lessremman,Norway
NOLRI,Leirvik,Leirvik,Norway
NOLRK,Larkollen,Larkollen,Norway
NOLSU,Lysøysund,Lysoysund,Norway
NOLUL,Lutelandet,Lutelandet,Norway
NOLUR,Lurøy,Luroy,Norway
NOLUS,Luster,Luster,Norway
NOLVG,Laksevåg,Laksevag,Norway
NOLVK,Laukvik,Laukvik,Norway
NOLYD,Lyngseidet,Lyngseidet,Norway
NOLYF,Lysebotn,Lysebotn,Norway
NOLYN,Lyngen,Lyngen,Norway
NOLYS,Lysaker,Lysaker,Norway
NOMAH,Maurholen,Maurholen,Norway
NOMAK,Malvik,Malvik,Norway
NOMAN,Mandal,Mandal,Norway
NOMAT,Matre - Masfjorden,Matre - Masfjorden,Norway
NOMAU,Mausund,Mausund,Norway
NOMAV,Målselv,Malselv,Norway
NOMAY,Måløy,Maloy,Norway
NOMEH,Mehamn,Mehamn,Norway
NOMEL,Melbu,Melbu,Norway
NOMEN,Menstad,Menstad,Norway
NOMEV,Melsomvik,Melsomvik,Norway
NOMEY,Meløy,Meloy,Norway
NOMGR,Manger,Manger,Norway
NOMID,Midsund,Midsund,Norway
NOMIS,Misvær,Misvar,Norway
NOMIT,Misten,Misten,Norway
NOMJF,Mosjøen,Mosjoen,Norway
NOMLD,Meland,Meland,Norway
NOMLK,Melkøya,Melkoya,Norway
NOMLM,Malm,Malm,Norway
NOMLS,Melhus,Melhus,Norway
NOMLT,Moldtustranda,Moldtustranda,Norway
NOMOB,Mongstadbase,Mongstadbase,Norway
NOMOD,Modalen,Modalen,Norway
NOMOL,Molde,Molde,Norway
NOMON,Mongstad,Mongstad,Norway
NOMOR,Mørsvikbotn,Morsvikbotn,Norway
NOMOS,Mosterhamn,Mosterhamn,Norway
NOMOV,Mølstrevåg,Molstrevag,Norway
NOMQN,Mo i Rana,Mo i Rana,Norway
NOMRV,Muruvika,Muruvika,Norway
NOMSD,Mjølstadneset,Mjolstadneset,Norway
NOMSF,Masfjorden,Masfjorden,Norway
NOMSK,Moskenes,Moskenes,Norway
NOMSS,Moss,Moss,Norway
NOMSV,Mosvik,Mosvik,Norway
NOMSY,Måsøy,Masoy,Norway
NOMVV,Mjølkevikvarden,Mjolkevikvarden,Norway
NOMYO,Myre-Øksnes,Myre-Oksnes,Norway
NONAU,Naustdal,Naustdal,Norway
NONEO,Nesodden,Nesodden,Norway
NONEV,Nevlunghamn,Nevlunghamn,Norway
NONFD,Nordfjordeid,Nordfjordeid,Norway
NONFO,Nordfosen,Nordfosen,Norway
NONHS,Norheimsund,Norheimsund,Norway
NONIA,Hammarvika - Frøya,Hammarvika - Froya,Norway
NONKB,Nordkjosbotn,Nordkjosbotn,Norway
NONOD,Norddal,Norddal,Norway
NONOK,Nordkapp,Nordkapp,Norway
NONOL,Nordlenangen,Nordlenangen,Norway
NONOM,Nordmela,Nordmela,Norway
NONOR,Nordreisa,Nordreisa,Norway
NONRY,Nærøy,Naroy,Norway
NONSB,Nesseby,Nesseby,Norway
NONSF,Nordskaget - Frøya,Nordskaget - Froya,Norway
NONSN,Nesna,Nesna,Norway
NONST,Nesset,Nesset,Norway
NONTY,Nøtterøy,Notteroy,Norway
NONVK,Narvik,Narvik,Norway
NONYE,Nyelv,Nyelv,Norway
NONYH,Nyhamna,Nyhamna,Norway
NONZC,Larsnes,Larsnes,Norway
NONZL,Glesvær,Glesvar,Norway
NONZY,Tromsdalen,Tromsdalen,Norway
NOODD,Odda,Odda,Norway
NOOKF,Øksfjord,Oksfjord,Norway
NOOKS,Oksnes,Oksnes,Norway
NOOLA,Ørland,Orland,Norway
NOOLD,Olden,Olden,Norway
NOOLL,Olderdalen,Olderdalen,Norway
NOOLN,Ølen,Olen,Norway
NOOLR,Oldervik,Oldervik,Norway
NOOLT,Frafjord,Frafjord,Norway
NOOLV,Ølve,Olve,Norway
NOOMA,Omastranda,Omastranda,Norway
NOOMB,Ombo,Ombo,Norway
NOOOS,Os,Os,Norway
NOOPG,Oppegård,Oppegard,Norway
NOORD,Orkdal,Orkdal,Norway
NOORK,Orkanger,Orkanger,Norway
NOORS,Ørsta,Orsta,Norway
NOORV,Ortnevik,Ortnevik,Norway
NOOSE,Osnes - Vindafjord,Osnes - Vindafjord,Norway
NOOSG,Ørskog,Orskog,Norway
NOOSL,Oslo,Oslo,Norway
NOOSN,Osen,Osen,Norway
NOOST,Osterøy,Osteroy,Norway
NOOSY,Namsos,Namsos,Norway
NOOTA,Ottersøya,Ottersoya,Norway
NOOTO,Ottersøy,Ottersoy,Norway
NOOYB,Bogøy,Bogoy,Norway
NOOYG,Øygarden,Oygarden,Norway
NOPAR,Porsanger,Porsanger,Norway
NOPOR,Porsgrunn,Porsgrunn,Norway
NORAD,Råde,Rade,Norway
NORAF,Rafnes,Rafnes,Norway
NORAM,Ramsund,Ramsund,Norway
NORAU,Rauma,Rauma,Norway
NORAY,Radøy,Radoy,Norway
NORBV,Raudbergvika,Raudbergvika,Norway
NORDB,Randaberg,Randaberg,Norway
NORDY,Rødøy,Rodoy,Norway
NOREE,Re,Re,Norway
NOREK,Rekefjord,Rekefjord,Norway
NOREN,Rennesøy,Rennesoy,Norway
NOREP,Repparfjord,Repparfjord,Norway
NORES,Raunes - Vindafjord,Raunes - Vindafjord,Norway
NORET,Røst,Rost,Norway
NORFJ,Reinfjord,Reinfjord,Norway
NORIS,Risør,Risor,Norway
NORIV,Risavika,Risavika,Norway
NORMB,Ramberg,Ramberg,Norway
NORMV,Ramsvika,Ramsvika,Norway
NORNA,Rana,Rana,Norway
NOROA,Roan,Roan,Norway
NOROG,Rognan,Rognan,Norway
NOROM,Gjerdsvika,Gjerdsvika,Norway
NOROV,Rovde,Rovde,Norway
NOROY,Snarøya,Snaroya,Norway
NORPV,Repvåg,Repvag,Norway
NORSD,Raudsand,Raudsand,Norway
NORSH,Risøyhamn,Risoyhamn,Norway
NORSS,Rissa,Rissa,Norway
NORTL,Rutledal,Rutledal,Norway
NORUB,Rubbestadneset,Rubbestadneset,Norway
NORUN,Runde,Runde,Norway
NORVK,Rørvik,Rorvik,Norway
NORYF,Rypefjord,Rypefjord,Norway
NOSAA,Skaland,Skaland,Norway
NOSAC,Salangsverket,Salangsverket,Norway
NOSAF,Sandeid,Sandeid,Norway
NOSAG,Vormedal,Vormedal,Norway
NOSAI,Sandviksberget,Sandviksberget,Norway
NOSAK,Stakkvik,Stakkvik,Norway
NOSAL,Salangen,Salangen,Norway
NOSAM,Samnanger,Samnanger,Norway
NOSAN,Skaun,Skaun,Norway
NOSAS,Sandnes,Sandnes,Norway
NOSAT,Salten,Salten,Norway
NOSAU,Sauda,Sauda,Norway
NOSAX,Sand,Sand,Norway
NOSAY,Sandøya,Sandoya,Norway
NOSBA,Stord base,Stord base,Norway
NOSBT,Botn - Sandnessjøen,Botn - Sandnessjoen,Norway
NOSBU,Salsbruket,Salsbruket,Norway
NOSDI,Sandvika,Sandvika,Norway
NOSDL,Saltdal,Saltdal,Norway
NOSDT,Stadlandet,Stadlandet,Norway
NOSDZ,Stordal,Stordal,Norway
NOSEI,Skånevik,Skanevik,Norway
NOSEJ,Seljeli,Seljeli,Norway
NOSEV,Selva,Selva,Norway
NOSGJ,Straumsgjerde,Straumsgjerde,Norway
NOSGT,Skorgeneset,Skorgeneset,Norway
NOSHT,Stanghelle,Stanghelle,Norway
NOSID,Sævareid,Savareid,Norway
NOSIH,Siholmen,Siholmen,Norway
NOSIP,Skipavik - Gulen,Skipavik - Gulen,Norway
NOSIS,Sunde,Sunde,Norway
NOSJE,Selje,Selje,Norway
NOSJH,Senjahopen,Senjahopen,Norway
NOSJO,Sjøholt,Sjoholt,Norway
NOSJU,Sjursøja/Oslo,Sjursoja/Oslo,Norway
NOSJV,Sjøvegan,Sjovegan,Norway
NOSKB,Skibotn,Skibotn,Norway
NOSKE,Skien,Skien,Norway
NOSKF,Skiftun,Skiftun,Norway
NOSKH,Skjærhalden,Skjarhalden,Norway
NOSKI,Skjerkøya,Skjerkoya,Norway
NOSKK,Stokksund,Stokksund,Norway
NOSKL,Skånland,Skanland,Norway
NOSKN,Stokmarknes,Stokmarknes,Norway
NOSKO,Skodje,Skodje,Norway
NOSKU,Skudeneshavn,Skudeneshavn,Norway
NOSKV,Skålevik,Skalevik,Norway
NOSKX,Skogn,Skogn,Norway
NOSKY,Skjervøy,Skjervoy,Norway
NOSKZ,Skarsvåg,Skarsvag,Norway
NOSLD,Solund,Solund,Norway
NOSLG,Slagentangen,Slagentangen,Norway
NOSLH,Salthella,Salthella,Norway
NOSLM,Slemmestad,Slemmestad,Norway
NOSLN,Skjolden,Skjolden,Norway
NOSLV,Sløvåg,Slovag,Norway
NOSLX,Sortland,Sortland,Norway
NOSMN,Sømna,Somna,Norway
NOSMO,Smøla,Smola,Norway
NOSND,Sund,Sund,Norway
NOSNE,Søgne,Sogne,Norway
NOSNF,Snefjord,Snefjord,Norway
NOSNI,Snillfjord,Snillfjord,Norway
NOSNL,Standal,Standal,Norway
NOSNS,Steinesjøen,Steinesjoen,Norway
NOSNV,Snekkevik,Snekkevik,Norway
NOSOF,Sørfold,Sorfold,Norway
NOSOG,Sogndal,Sogndal,Norway
NOSOJ,Sørkjosen,Sorkjosen,Norway
NOSOK,Sokndal,Sokndal,Norway
NOSOR,Sørarnoy,Sorarnoy,Norway
NOSOS,Svolvær Osan,Svolvar Osan,Norway
NOSOV,Sövik,Sovik,Norway
NOSOY,Storøya,Storoya,Norway
NOSPG,Sarpsborg,Sarpsborg,Norway
NOSPK,Skipavik,Skipavik,Norway
NOSPV,Spjelkavik,Spjelkavik,Norway
NOSRA,Sørreisa,Sorreisa,Norway
NOSRD,Sigerfjord,Sigerfjord,Norway
NOSRH,Skarholmen,Skarholmen,Norway
NOSRK,Skrolsvik,Skrolsvik,Norway
NOSRM,Straumsnes,Straumsnes,Norway
NOSRN,Stranda,Stranda,Norway
NOSRO,Skrova,Skrova,Norway
NOSRP,Stord,Stord,Norway
NOSRS,Storesund,Storesund,Norway
NOSRV,Sirevåg,Sirevag,Norway
NOSRX,Sotra,Sotra,Norway
NOSSJ,Sandnessjøen,Sandnessjoen,Norway
NOSSO,Straumsjøen,Straumsjoen,Norway
NOSSS,Sistranda,Sistranda,Norway
NOSTA,Stathelle,Stathelle,Norway
NOSTB,Storebø,Storebo,Norway
NOSTD,Strand,Strand,Norway
NOSTE,Steinkjer,Steinkjer,Norway
NOSTF,Storfjord,Storfjord,Norway
NOSTG,Steigen,Steigen,Norway
NOSTH,Steinshamn,Steinshamn,Norway
NOSTI,Steinvig,Steinvig,Norway
NOSTJ,Stjørdal,Stjordal,Norway
NOSTK,Stokke,Stokke,Norway
NOSTO,Stokkvågen,Stokkvagen,Norway
NOSTR,Stryn,Stryn,Norway
NOSTU,Stura,Stura,Norway
NOSTV,Stavern,Stavern,Norway
NOSTX,Stø,Sto,Norway
NOSTY,Stjernøya,Stjernoya,Norway
NOSTZ,Stranda - Frøya,Stranda - Froya,Norway
NOSUA,Sula,Sula,Norway
NOSUL,Suldal,Suldal,Norway
NOSUN,Sunndalsøra,Sunndalsora,Norway
NOSUR,Surnadal,Surnadal,Norway
NOSUS,Susort,Susort,Norway
NOSUZ,Stamsund,Stamsund,Norway
NOSVB,Svartebukt,Svartebukt,Norway
NOSVE,Svelgen,Svelgen,Norway
NOSVG,Stavanger,Stavanger,Norway
NOSVI,Ørnes,Ornes,Norway
NOSVJ,Svolvær,Svolvar,Norway
NOSVL,Sævlandsvik,Savlandsvik,Norway
NOSVO,Sveio,Sveio,Norway
NOSVR,Sørvær,Sorvar,Norway
NOSVT,Stavneset - Rissa,Stavneset - Rissa,Norway
NOSVV,Svelvik,Svelvik,Norway
NOSYK,Sykkylven,Sykkylven,Norway
NOT8N,Oteren,Oteren,Norway
NOTAA,Tana,Tana,Norway
NOTAE,Tananger,Tananger,Norway
NOTAL,Tælavåg,Talavag,Norway
NOTAU,Tau,Tau,Norway
NOTAV,Torangsvåg,Torangsvag,Norway
NOTBO,Tjeldbergodden,Tjeldbergodden,Norway
NOTIN,Tingvoll,Tingvoll,Norway
NOTJL,Tjøtta,Tjotta,Norway
NOTJO,Tjøme,Tjome,Norway
NOTJR,Tjørvåg,Tjorvag,Norway
NOTJS,Tjeldsund,Tjeldsund,Norway
NOTJU,Torjulvågen,Torjulvagen,Norway
NOTMV,Tromvik,Tromvik,Norway
NOTNN,Tonnes,Tonnes,Norway
NOTOF,Tofte - Hurum,Tofte - Hurum,Norway
NOTOM,Tomrefjord,Tomrefjord,Norway
NOTON,Tønsberg,Tonsberg,Norway
NOTOR,Torsken,Torsken,Norway
NOTOS,Tromsø,Tromso,Norway
NOTOV,Tovik,Tovik,Norway
NOTOY,Thorøya,Thoroya,Norway
NOTRD,Trondheim,Trondheim,Norway
NOTRF,Sandefjord,Sandefjord,Norway
NOTRN,Træna,Trana,Norway
NOTRO,Trollåsen,Trollasen,Norway
NOTRY,Tranøy,Tranoy,Norway
NOTSB,Tyssebotn,Tyssebotn,Norway
NOTSX,Tyssedal,Tyssedal,Norway
NOTUF,Tufjorden,Tufjorden,Norway
NOTUS,Tustna,Tustna,Norway
NOTVA,Torsvåg,Torsvag,Norway
NOTVE,Tvedestrand,Tvedestrand,Norway
NOTVI,Torvika,Torvika,Norway
NOTYF,Tysfjord,Tysfjord,Norway
NOTYN,Tysnes,Tysnes,Norway
NOTYT,Tytebærvika,Tytebarvika,Norway
NOTYV,Tysvær,Tysvar,Norway
NOUBO,Uløybukt,Uloybukt,Norway
NOULE,Ulstein,Ulstein,Norway
NOULL,Ullensvang,Ullensvang,Norway
NOULS,Ulsteinvik,Ulsteinvik,Norway
NOUME,Straume,Straume,Norway
NOUND,Sund - Karmøy,Sund - Karmoy,Norway
NOUSD,Uskedalen,Uskedalen,Norway
NOUTG,Utgårdskilen,Utgardskilen,Norway
NOUTH,Uthaug,Uthaug,Norway
NOUTN,Utne,Utne,Norway
NOUTS,Utsira,Utsira,Norway
NOUTV,Utvorda,Utvorda,Norway
NOUVK,Ulvik,Ulvik,Norway
NOVAD,Valldal,Valldal,Norway
NOVAE,Valsneset,Valsneset,Norway
NOVAG,Valevåg,Valevag,Norway
NOVAK,Vaksdal,Vaksdal,Norway
NOVAL,Valløy,Valloy,Norway
NOVAN,Vanvikan-Leksvik,Vanvikan-Leksvik,Norway
NOVAO,Vardø,Vardo,Norway
NOVAY,Vanylven,Vanylven,Norway
NOVBE,Valberg,Valberg,Norway
NOVDA,Volda,Volda,Norway
NOVDL,Vistdal,Vistdal,Norway
NOVDS,Vadsø,Vadso,Norway
NOVEF,Vefsn,Vefsn,Norway
NOVEG,Vega,Vega,Norway
NOVEO,Vengsøy,Vengsoy,Norway
NOVER,Verdal,Verdal,Norway
NOVEV,Vevelstad,Vevelstad,Norway
NOVEY,Værøy,Varoy,Norway
NOVGN,Vågan,Vagan,Norway
NOVGY,Vågsøy,Vagsoy,Norway
NOVHM,Vadheim,Vadheim,Norway
NOVHN,Vikholmen,Vikholmen,Norway
NOVIF,Vindafjord,Vindafjord,Norway
NOVIL,Vikedal,Vikedal,Norway
NOVIS,Vik - Sogn,Vik - Sogn,Norway
NOVKK,Vikkilen,Vikkilen,Norway
NOVKN,Vikna,Vikna,Norway
NOVLL,Voll,Voll,Norway
NOVLS,Vallersund,Vallersund,Norway
NOVMD,Vedavågen,Vedavagen,Norway
NOVNJ,Vinjeøra,Vinjeora,Norway
NOVNN,Vannavalen,Vannavalen,Norway
NOVNS,Vingsand,Vingsand,Norway
NOVOH,Vågaholmen,Vagaholmen,Norway
NOVRR,Verran,Verran,Norway
NOVSM,Vikan - Smøla,Vikan - Smola,Norway
NOVSN,Visnes - Eide,Visnes - Eide,Norway
NOVST,Vestnes,Vestnes,Norway
NOVTL,Vartdal,Vartdal,Norway
NOVTS,Vats,Vats,Norway
NOVVG,Vågsvåg,Vagsvag,Norway
NOVVY,Vestvågøy,Vestvagoy,Norway
NOYTO,Ytrøy,Ytroy,Norway
NOZNJ,Nusfjord,Nusfjord,Norway
